{"cameraMode":{"drawMode":0,"name":"Shaded","section":"Shading Mode"},"sceneLighting":true,"audioPlay":false,"sceneViewState":{"showFog":true,"showMaterialUpdate":true,"showSkybox":true,"showFlares":true,"showImageEffects":true,"showParticleSystems":true},"in2DMode":false,"pivot":{"x":-7.113428592681885,"y":-3.338303804397583,"z":33.651283264160159},"rotation":{"x":-0.06858660280704498,"y":0.10187727212905884,"z":-0.007036950904875994,"w":-0.9924200773239136},"size":17.751258850097658,"orthographic":false}