{"cameraMode":{"drawMode":0,"name":"Shaded","section":"Shading Mode"},"sceneLighting":true,"audioPlay":false,"sceneViewState":{"showFog":true,"showMaterialUpdate":true,"showSkybox":true,"showFlares":true,"showImageEffects":true,"showParticleSystems":true},"in2DMode":false,"pivot":{"x":0.875567615032196,"y":-4.418086528778076,"z":31.458248138427736},"rotation":{"x":0.09883071482181549,"y":0.01404107641428709,"z":-0.0014011966995894909,"w":0.9950227737426758},"size":17.115245819091798,"orthographic":false}