{"cameraMode":{"drawMode":0,"name":"Shaded","section":"Shading Mode"},"sceneLighting":false,"audioPlay":false,"sceneViewState":{"showFog":false,"showMaterialUpdate":false,"showSkybox":false,"showFlares":false,"showImageEffects":false,"showParticleSystems":false,"showVisualEffectGraphs":true,"m_FxEnabled":true},"in2DMode":false,"pivot":{"x":0.026184728369116784,"y":0.6040832996368408,"z":-0.4560975730419159},"rotation":{"x":0.0004834530409425497,"y":-0.999500036239624,"z":0.02549276500940323,"w":0.018891509622335435},"size":1.3381272554397584,"orthographic":false}